{"graph_0":{"_type":"graph-file","sha256":"77e1e864443aa85e1555fcf5a1fbafc2ebb01f4e6453ed399e626b297042a730","size":3154,"path":"media/graph/graph_0_summary_77e1e864443aa85e1555.graph.json"},"running_loss":0.7436272501945496,"batch_loss":0.7436272501945496,"_timestamp":1.741574876838541e+09,"_runtime":29.849616281,"loss_rpn_class_loss":0.7055484056472778,"batch":0,"loss_bbr_loss":0.011534209363162518,"learning_rate":0.001,"loss_det_class_loss":0.0005826823180541396,"_step":0,"gradient_norm":0.5965222120285034,"loss_pbr_loss":0.004006687551736832,"loss_rpn_bbox_loss":0.021955275908112526,"memory_used_GB":3.1614489555358887,"_wandb":{"runtime":46}}