{"loss_det_class_loss":0.0012971924152225256,"batch":20,"_runtime":5187.170619553,"graph_0":{"path":"media/graph/graph_0_summary_dd6af99fc1e8a53568d6.graph.json","_type":"graph-file","sha256":"dd6af99fc1e8a53568d6c7260ed5a4bdde2e920a7f9707e05dea464689f5c080","size":3154},"learning_rate":0.001,"memory_used_GB":2.6843743324279785,"loss_rpn_bbox_loss":0.06663237512111664,"loss_pbr_loss":0.0007053621229715645,"gradient_norm":0.6214069724082947,"loss_bbr_loss":0.001548890140838921,"batch_loss":0.23277123272418976,"loss_rpn_class_loss":0.16258741915225983,"running_loss":0.5108270318735213,"_timestamp":1.7422609372570114e+09,"_wandb":{"runtime":12676},"_step":2}