{"learning_rate":0.001,"running_loss":0.4627260253542945,"batch":20,"_runtime":5462.924967755,"_step":2,"graph_0":{"_type":"graph-file","sha256":"5d6546ce638b12071e854690d2e1d9192da63311f5edafd4849e9bd5d0cf688a","size":3154,"path":"media/graph/graph_0_summary_5d6546ce638b12071e85.graph.json"},"loss_det_class_loss":0.0010109576396644115,"loss_rpn_class_loss":0.10818976163864136,"_timestamp":1.7415057425264714e+09,"gradient_norm":0.48659971356391907,"batch_loss":0.14525729417800903,"memory_used_GB":2.6850171089172363,"loss_rpn_bbox_loss":0.03360842540860176,"loss_bbr_loss":0.001826857216656208,"loss_pbr_loss":0.0006212980952113867,"_wandb":{"runtime":12970}}