{"loss_rpn_class_loss":0.13388951122760773,"memory_used_GB":2.682030200958252,"_step":2,"_runtime":5549.767202216,"gradient_norm":0.4642733335494995,"loss_bbr_loss":0.0019033800344914198,"batch":20,"graph_0":{"_type":"graph-file","sha256":"4522d2e2ef53c85e7a5ebff282cd7c7d92eb026ea9f6d2e9bbd0c1dad335105d","size":3154,"path":"media/graph/graph_0_summary_4522d2e2ef53c85e7a5e.graph.json"},"_timestamp":1.7415514504348216e+09,"learning_rate":0.001,"_wandb":{"runtime":13073},"loss_pbr_loss":0.0007751775556243956,"loss_rpn_bbox_loss":0.03487275540828705,"batch_loss":0.1733086109161377,"running_loss":0.48213839034239453,"loss_det_class_loss":0.001867783023044467}